id,name,age,email,city
1,John Doe,30,john.doe@example.com,New York
2,Alice Smith,25,alice.smith@example.com,Los Angeles
3,Michael Johnson,35,michael.johnson@example.com,Chicago
4,Emily Brown,28,emily.brown@example.com,Houston
5,William Davis,40,william.davis@example.com,Phoenix
6,Emma Wilson,33,emma.wilson@example.com,Philadelphia
7,Daniel Martinez,27,daniel.martinez@example.com,San Antonio
8,Olivia Anderson,32,olivia.anderson@example.com,San Diego
9,James Taylor,29,james.taylor@example.com,Dallas
10,Sophia Thomas,26,sophia.thomas@example.com,San Jose
11,Benjamin Garcia,31,benjamin.garcia@example.com,Austin
12,Isabella Hernandez,24,isabella.hernandez@example.com,Jacksonville
13,Mason Martinez,36,mason.martinez@example.com,San Francisco
14,Ava Rodriguez,23,ava.rodriguez@example.com,Indianapolis
15,Logan Lopez,37,logan.lopez@example.com,Columbus
16,Evelyn Lee,22,evelyn.lee@example.com,Charlotte
17,Jackson Scott,38,jackson.scott@example.com,Fort Worth
18,Harper Perez,21,harper.perez@example.com,Detroit
19,Aiden Gonzalez,39,aiden.gonzalez@example.com,El Paso
20,Scarlett Carter,20,scarlett.carter@example.com,Seattle
